（父）ASIN,（子）ASIN,商品名称,SKU,会话次数 – 移动应用,会话次数 – 移动应用 – B2B,会话次数 – 浏览器,会话次数 – 浏览器 – B2B,会话次数 – 总计,会话次数 – 总计 – B2B,会话百分比 – 移动应用,会话百分比 – 移动应用 – B2B,会话百分比 – 浏览器,会话百分比 – 浏览器 – B2B,会话百分比 – 总计,会话百分比 – 总计 – B2B,页面浏览量 – 移动应用,页面浏览量 – 移动应用 – B2B,页面浏览量 – 浏览器,页面浏览量 – 浏览器 – B2B,页面浏览量 – 总计,页面浏览量 – 总计 – B2B,页面浏览量百分比 – 移动应用,页面浏览量百分比 – 移动应用 – B2B,页面浏览量百分比 – 浏览器,页面浏览量百分比 – 总计,页面浏览量百分比 – 总计 – B2B,推荐报价（购买按钮）百分比,推荐报价（购买按钮）百分比 – B2B,已订购商品数量,已订购商品数量 - B2B,商品会话百分比,商品会话百分比 - B2B,已订购商品销售额,已订购商品销售额 - B2B,订单商品总数,订单商品总数 - B2B
B08K767M5V,B08CVS5KZJ,"7 Pieces Comforter Sheet Set Queen Size Bed in a Bag - Colorful Dots Style - Soft Microfiber, Spring Reversible Bedding Set (1 Comforter, 2 Pillow Shams, 1 Flat Sheet, 1 Fitted Sheet, 2 Pillowcases)",UZBIG38-Q,499,5,150,1,649,6,5.16%,4.39%,3.75%,1.20%,4.75%,3.05%,698,10,191,2,889,12,5.54%,6.99%,3.83%,5.05%,4.92%,100.00%,100.00%,17,0,2.62%,0.00%,US$959.68,US$0.00,17,0
B092LX5PDW,B08P4H29YB,Gray Comforter Sheet Set Bed in a Bag 7 Pieces King Size Tree Branch Bloom Flower Microfiber Spring Bedding Set (1 Comforter 2 Pillow Shams 1 Tan Flat Sheet 1 Fitted Sheet 2 Pillowcases),UZBIG02-K,360,6,132,2,492,8,3.72%,5.26%,3.30%,2.41%,3.60%,4.06%,503,7,172,2,675,9,3.99%,4.90%,3.45%,3.84%,3.69%,100.00%,100.00%,13,0,2.64%,0.00%,US$909.87,US$0.00,13,0
B08T6WTS5M,B08T6W8P9G,"UOZZI BEDDING 4 Pieces Toddler Bedding Set Dinosaur White Includes Comforter, Flat Sheet, Fitted Sheet and Pillowcase",UTBS-105,197,1,46,0,243,1,2.04%,0.88%,1.15%,0.00%,1.78%,0.51%,279,1,62,0,341,1,2.21%,0.70%,1.24%,1.94%,0.41%,99.71%,100.00%,11,0,4.53%,0.00%,US$384.89,US$0.00,11,0
B0BRN8J9X9,B099MXYR8T,3 Pieces Crib Bedding Set Baby Ruffle Quilted Comforter with Fitted Sheet and Pillow - Cute Ruffled Shabby Chic Bedding Soft Blanket Design White,UCBS-02,200,1,67,1,267,2,2.07%,0.88%,1.68%,1.20%,1.95%,1.02%,254,5,77,1,331,6,2.02%,3.50%,1.54%,1.88%,2.46%,98.79%,100.00%,11,0,4.12%,0.00%,US$329.89,US$0.00,11,0
B08D6LSCQ7,B07JGWLX2Q,"3 Piece Duvet Cover Set Queen (1 All Season Design Summer Duvet Cover + 2 Pillow Shams) with Colorful Dots, 800 - TC Comforter Cover with Zipper Closure, 4 Corner Ties - Pink Gray Yellow Circles",BTN38-Q,112,4,49,1,161,5,1.16%,3.51%,1.23%,1.20%,1.18%,2.54%,164,7,63,1,227,8,1.30%,4.90%,1.26%,1.29%,3.28%,100.00%,100.00%,10,0,6.21%,0.00%,US$259.90,US$0.00,10,0
B0BRN8J9X9,B099MJ38BC,3 Pieces Crib Bedding Set Baby Ruffle Quilted Comforter with Fitted Sheet and Pillow - Cute Ruffled Shabby Chic Bedding Soft Blanket Design Gray,UCBS-01,273,5,92,2,365,7,2.82%,4.39%,2.30%,2.41%,2.67%,3.55%,328,5,112,6,440,11,2.60%,3.50%,2.24%,2.50%,4.51%,98.41%,100.00%,10,0,2.74%,0.00%,US$299.90,US$0.00,10,0
B092VTVKZ7,B092T8T2GF,"4 Pieces White Girls Toddler Bedding Set Orange Floral Style - Includes Adorable Quilted Flower Comforter, Green Plaid Fitted Sheet, Top Sheet, and Pillow Case for Girls Bed",UTBS-123,320,3,78,1,398,4,3.31%,2.63%,1.95%,1.20%,2.91%,2.03%,459,3,102,1,561,4,3.64%,2.10%,2.04%,3.19%,1.64%,99.29%,100.00%,10,0,2.51%,0.00%,US$299.90,US$0.00,9,0
B092LX5PDW,B0B7J5PNSW,Green Comforter Sheet Set Bed in a Bag 7 Pieces Queen Size Tree Branch Bloom Flower Microfiber Reversible Bedding Set (1 Comforter 2 Pillow Shams 1 Flat Sheet 1 White Fitted Sheet 2 Pillowcases),UZBIG196-Q,172,0,100,1,272,1,1.78%,0.00%,2.50%,1.20%,1.99%,0.51%,221,0,116,1,337,1,1.75%,0.00%,2.33%,1.92%,0.41%,100.00%,100.00%,9,0,3.31%,0.00%,US$539.91,US$0.00,9,0
B08DXYYPHT,B07QXRHSNS,UOZZI BEDDING 3 Piece Reversible Quilt Set Queen Size 90x90 Soft Microfiber Lightweight Coverlet Bedspread Summer Comforter Set Bed Cover Blanket for All Season Colorful Dots (1 Quilt+ 2 Shams),UQT38-Q,311,4,129,2,440,6,3.22%,3.51%,3.23%,2.41%,3.22%,3.05%,433,4,182,4,615,8,3.44%,2.80%,3.65%,3.50%,3.28%,99.35%,100.00%,9,0,2.05%,0.00%,US$359.91,US$0.00,8,0
B08XXHWMH7,B09155KNZY,UOZZI BEDDING 3 Piece Reversible Quilt Set Gray Branch Queen Full Size 88x88 Soft Microfiber Lightweight Coverlet Bedspread Summer Comforter Set Bed Cover for All Season (1 Quilt+ 2 Shams),UQT110-Q,203,0,145,1,348,1,2.10%,0.00%,3.63%,1.20%,2.55%,0.51%,308,0,213,1,521,1,2.44%,0.00%,4.27%,2.96%,0.41%,99.62%,100.00%,8,0,2.30%,0.00%,US$319.92,US$0.00,8,0
B08DXYYPHT,B08B52HXMX,UOZZI BEDDING 3 Piece Reversible Colorful Quilt Set King Size with Green Orange Yellow Cubes Microfiber Lightweight Floral Coverlet Bedspread for All Season,UQT19-K,132,1,48,1,180,2,1.37%,0.88%,1.20%,1.20%,1.32%,1.02%,174,1,68,1,242,2,1.38%,0.70%,1.36%,1.38%,0.82%,100.00%,100.00%,6,0,3.33%,0.00%,US$269.94,US$0.00,6,0
B092LX5PDW,B08P4K1SYL,Gray Comforter Sheet Set Bed in a Bag 7 Pieces Queen Size Tree Branch Bloom Flower Microfiber Spring Bedding Set (1 Comforter 2 Pillow Shams 1 Tan Flat Sheet 1 Fitted Sheet 2 Pillowcases),UZBIG02-Q,558,5,226,3,784,8,5.77%,4.39%,5.65%,3.61%,5.74%,4.06%,750,9,302,3,"1,052",12,5.95%,6.29%,6.05%,5.98%,4.92%,99.90%,91.67%,6,0,0.77%,0.00%,US$389.88,US$0.00,6,0
B092VTVKZ7,B09NQ3ST6Z,"UOZZI BEDDING 4 Pieces White Girls Toddler Bedding Set Purple Floral Style - Includes Adorable Quilted Flower Comforter, Green Plaid Fitted Sheet, Top Sheet, and Pillow Case for Girls Bed",UTBS-168,121,2,35,0,156,2,1.25%,1.75%,0.88%,0.00%,1.14%,1.02%,162,2,37,0,199,2,1.29%,1.40%,0.74%,1.13%,0.82%,97.99%,100.00%,6,0,3.85%,0.00%,US$179.94,US$0.00,6,0
B07NW55BDC,B07NW47G7N,"UOZZI BEDDING All-Season Bright Pink Flannel Fleece Baby Small Blanket for Girls - Ultra Soft Plush Thin Kids Toddler Blanket for Crib, Pram Strollers, Sofa, Size 27""x39""",TZK21-70,41,3,16,1,57,4,0.42%,2.63%,0.40%,1.20%,0.42%,2.03%,47,5,24,1,71,6,0.37%,3.50%,0.48%,0.40%,2.46%,100.00%,100.00%,14,0,24.56%,0.00%,US$125.86,US$0.00,5,0
B08T6WTS5M,B088KD7B58,UOZZI BEDDING 4 Piece Gray Dinosaurs Toddler Bedding Set with Colorful Dinos Boys Bed Comforter Sheet Set,UTBS-102N,216,1,47,0,263,1,2.23%,0.88%,1.18%,0.00%,1.93%,0.51%,297,1,68,0,365,1,2.36%,0.70%,1.36%,2.07%,0.41%,99.18%,100.00%,5,0,1.90%,0.00%,US$174.95,US$0.00,5,0
B092LX5PDW,B09KXL7TTG,UOZZI BEDDING Cream White Bed in a Bag King 7 pc Branch Style All Season Soft Microfiber Reversible Bed Comforter Set (1 Comforter 2 Pillow Shams 1 Flat Sheet 1 Fitted Sheet 2 Pillowcases),UZBIG165-K,146,1,70,0,216,1,1.51%,0.88%,1.75%,0.00%,1.58%,0.51%,171,1,85,0,256,1,1.36%,0.70%,1.70%,1.46%,0.41%,99.61%,100.00%,5,0,2.31%,0.00%,US$339.95,US$0.00,5,0
B07NW55BDC,B07NW5H492,"UOZZI BEDDING All-Season Teal (Light Blue) Flannel Fleece Baby Blanket for Girls & Boys - Ultra Soft Plush Thin Kids Toddler Blanket for Crib, Pram Strollers, Sofa, 100% Microfiber Polyester 27""x39""",TZK24-70,56,0,28,0,84,0,0.58%,0.00%,0.70%,0.00%,0.61%,0.00%,79,0,31,0,110,0,0.63%,0.00%,0.62%,0.63%,0.00%,100.00%,0.00%,6,0,7.14%,0.00%,US$53.94,US$0.00,4,0
B08DXYYPHT,B07QYRV5FZ,UOZZI BEDDING 3 Piece Reversible Quilt Set King Size 102x90 Soft Microfiber Lightweight Coverlet Bedspread Summer Comforter Set Bed Cover Blanket for All Season Colorful Dots (1 Quilt+ 2 Shams),UQT38-K,169,3,66,3,235,6,1.75%,2.63%,1.65%,3.61%,1.72%,3.05%,235,6,80,3,315,9,1.86%,4.20%,1.60%,1.79%,3.69%,99.37%,100.00%,4,0,1.70%,0.00%,US$171.96,US$0.00,4,0
B07SQPMYT8,B07SQPP9PN,UOZZI BEDDING Unicorn 4 Pieces Toddler Bedding Set with Colorful Rainbow Stars Pink Cute Girls Toddler Bed Comforter Sheet Set and Pillowcases,UTBS-Pink,78,4,11,0,89,4,0.81%,3.51%,0.28%,0.00%,0.65%,2.03%,117,4,12,0,129,4,0.93%,2.80%,0.24%,0.73%,1.64%,99.22%,100.00%,5,0,5.62%,0.00%,US$149.95,US$0.00,4,0
B08DXYYPHT,B07TRKC348,White Quilt Set with Green Leaves Botanical Coverlet Bedspread 3 Pieces Queen Size Reversible Microfiber Summer Lightweight Style Colorful Colorful Quilt Bedding Set,UQT208-Q,93,1,42,0,135,1,0.96%,0.88%,1.05%,0.00%,0.99%,0.51%,96,1,48,0,144,1,0.76%,0.70%,0.96%,0.82%,0.41%,100.00%,100.00%,4,0,2.96%,0.00%,US$171.96,US$0.00,4,0
B08D3DNTBX,B07TYLTKSS,Colorful Dots Comforter Set Queen Size Pink Yellow Gray Blue Circles Print Reversible Down Alternative 800 TC Adult Teen Summer Duvet Sets 1 Winter Microfiber Comforter with 2 Pillow Shams,UZBZ38-Q,71,2,25,0,96,2,0.73%,1.75%,0.63%,0.00%,0.70%,1.02%,100,2,30,0,130,2,0.79%,1.40%,0.60%,0.74%,0.82%,99.23%,100.00%,4,0,4.17%,0.00%,US$183.96,US$0.00,4,0
B08K767M5V,B08CVT27TW,"6 Pieces Comforter Sheet Set Twin Size Bed in a Bag - Colorful Dots Style - Soft Microfiber, Spring Reversible Bedding Set (1 Comforter, 2 Pillow Shams, 1 Flat Sheet, 1 Fitted Sheet, 1 Pillowcases)",UZBIG38-T,134,0,48,2,182,2,1.39%,0.00%,1.20%,2.41%,1.33%,1.02%,187,0,67,2,254,2,1.48%,0.00%,1.34%,1.44%,0.82%,100.00%,100.00%,4,0,2.20%,0.00%,US$199.96,US$0.00,4,0
B091Y38CV7,B091Y46G8R,"UOZZI BEDDING 4 Pieces Toddler Bedding Set Ultra Soft and Breathable Toddler Sheet Set - Includes Comforter, Flat Sheet, Fitted Sheet and Pillowcase - Dark Gray & Gray",UTBSC-08,58,0,17,0,75,0,0.60%,0.00%,0.43%,0.00%,0.55%,0.00%,76,0,27,0,103,0,0.60%,0.00%,0.54%,0.59%,0.00%,76.70%,0.00%,4,0,5.33%,0.00%,US$119.96,US$0.00,4,0
B091Y38CV7,B091Y6MZ8J,"UOZZI BEDDING 4 Pieces Toddler Bedding Set Ultra Soft and Breathable Toddler Sheet Set - Includes Comforter, Flat Sheet, Fitted Sheet and Pillowcase - Royal Blue & Gray",UTBSC-04,101,0,28,1,129,1,1.05%,0.00%,0.70%,1.20%,0.94%,0.51%,130,0,31,1,161,1,1.03%,0.00%,0.62%,0.92%,0.41%,99.38%,100.00%,5,0,3.88%,0.00%,US$149.95,US$0.00,4,0
B0BRN8J9X9,B099MY6VVH,3 Pieces Crib Bedding Set Baby Ruffle Quilted Comforter with Fitted Sheet and Pillow - Cute Ruffled Shabby Chic Bedding Soft Blanket Design Pink,UCBS-03,116,2,46,1,162,3,1.20%,1.75%,1.15%,1.20%,1.19%,1.52%,132,2,51,1,183,3,1.05%,1.40%,1.02%,1.04%,1.23%,99.45%,100.00%,4,0,2.47%,0.00%,US$119.96,US$0.00,4,0
B092LX5PDW,B09KXH87XM,UOZZI BEDDING Cream White Bed in a Bag Queen 7 pc Branch Style All Season Soft Microfiber Reversible Bed Comforter Set (1 Comforter 2 Pillow Shams 1 Flat Sheet 1 Fitted Sheet 2 Pillowcases),UZBIG165-Q,268,2,122,3,390,5,2.77%,1.75%,3.05%,3.61%,2.85%,2.54%,332,5,159,3,491,8,2.63%,3.50%,3.19%,2.79%,3.28%,99.59%,25.00%,4,0,1.03%,0.00%,US$263.96,US$0.00,4,0
B092LX5PDW,B0B7J74T6N,Green Comforter Sheet Set Bed in a Bag 7 Pieces King Size Tree Branch Bloom Flower Microfiber Reversible Bedding Set (1 Comforter 2 Pillow Shams 1 Tan Flat Sheet 1 White Fitted Sheet 2 Pillowcases),UZBIG196-K,161,1,57,0,218,1,1.67%,0.88%,1.43%,0.00%,1.60%,0.51%,191,1,67,0,258,1,1.52%,0.70%,1.34%,1.47%,0.41%,100.00%,100.00%,4,0,1.83%,0.00%,US$279.96,US$0.00,4,0
B01JL0GK9E,B01H1O894G,"UOZZI BEDDING 4 Corners Post Pink Canopy Bed Curtain for Girls & Adults - Cute Cozy Drape Square Netting for Twin Bed - 4 Opening 45"" W x 80"" L Mosquito Net - Princess Bedroom Decoration",FXA04-T,66,0,53,1,119,1,0.68%,0.00%,1.33%,1.20%,0.87%,0.51%,92,0,63,1,155,1,0.73%,0.00%,1.26%,0.88%,0.41%,100.00%,100.00%,3,0,2.52%,0.00%,US$74.97,US$0.00,3,0
B08D6LSCQ7,B07FXZFB92,UOZZI BEDDING 3 Piece Colorful Queen Duvet Cover Set with Green Yellow Orange Cubes and Triangles 800 - TC 1 Comforter Cover 90x90 with 2 Pillowshams Zipper Closure 4 Corner Ties,BT09-Q,54,2,22,1,76,3,0.56%,1.75%,0.55%,1.20%,0.56%,1.52%,66,2,23,1,89,3,0.52%,1.40%,0.46%,0.51%,1.23%,100.00%,100.00%,4,0,5.26%,0.00%,US$103.96,US$0.00,3,0
B08D6LSCQ7,B07M773C9S,3 Piece Duvet Cover Set Twin (1 Summer Duvet Cover + 2 Pillow Shams) with Colorful Dots 800 - TC Comforter Cover with Zipper Closure 4 Corner Ties Pink Gray Yellow Circles for Teen Girls,BTN38-T,56,0,19,0,75,0,0.58%,0.00%,0.48%,0.00%,0.55%,0.00%,70,0,26,0,96,0,0.56%,0.00%,0.52%,0.55%,0.00%,100.00%,0.00%,5,0,6.67%,0.00%,US$124.95,US$0.00,3,0
B08DXYYPHT,B08B51GQGQ,UOZZI BEDDING 3 Piece Reversible Colorful Quilt Set Queen Size with Green Orange Yellow Cubes Microfiber Lightweight Floral Coverlet Bedspread for All Season,UQT19-Q,148,1,67,0,215,1,1.53%,0.88%,1.68%,0.00%,1.57%,0.51%,200,1,94,0,294,1,1.59%,0.70%,1.88%,1.67%,0.41%,99.66%,100.00%,3,1,1.40%,100.00%,US$119.97,US$39.99,3,1
B08DXYYPHT,B08B51JB5N,UOZZI BEDDING 2 Piece Reversible Colorful Quilt Set Twin Size with Green Orange Yellow Cubes Microfiber Lightweight Floral Coverlet Bedspread for All Season,UQT19-T,47,1,31,1,78,2,0.49%,0.88%,0.78%,1.20%,0.57%,1.02%,59,1,36,1,95,2,0.47%,0.70%,0.72%,0.54%,0.82%,100.00%,100.00%,5,0,6.41%,0.00%,US$189.95,US$0.00,3,0
B08K767M5V,B08CVS7G7W,"7 Pieces Comforter Sheet Set King Size Bed in a Bag - Colorful Dots Style - Soft Microfiber, Spring Reversible Bedding Set (1 Comforter, 2 Pillow Shams, 1 Flat Sheet, 1 Fitted Sheet, 2 Pillowcases)",UZBIG38-K,144,3,35,0,179,3,1.49%,2.63%,0.88%,0.00%,1.31%,1.52%,172,4,45,0,217,4,1.36%,2.80%,0.90%,1.23%,1.64%,99.54%,100.00%,3,0,1.68%,0.00%,US$197.97,US$0.00,3,0
B091Y38CV7,B091Y3D9GN,"UOZZI BEDDING 4 Pieces Toddler Bedding Set Ultra Soft and Breathable Toddler Sheet Set - Includes Comforter, Flat Sheet, Fitted Sheet and Pillowcase - Purple & Gray",UTBSC-11,13,0,4,1,17,1,0.13%,0.00%,0.10%,1.20%,0.12%,0.51%,13,0,6,2,19,2,0.10%,0.00%,0.12%,0.11%,0.82%,94.74%,100.00%,3,0,17.65%,0.00%,US$89.97,US$0.00,3,0
B09QBX987B,B09QBVDKTL,Floral Comforter Sheet Set 7 Pieces Bed in a Bag Queen Size White with Green Leaves Pink Flowers Reversible Bedding Set (1 Comforter 2 Pillow Shams 1 Flat Sheet 1 Fitted Sheet 2 Pillowcases),UZBIG178-Q,51,0,33,0,84,0,0.53%,0.00%,0.83%,0.00%,0.61%,0.00%,78,0,38,0,116,0,0.62%,0.00%,0.76%,0.66%,0.00%,100.00%,0.00%,3,0,3.57%,0.00%,US$197.97,US$0.00,3,0
B08XXHWMH7,B09TSDL34B,Quilt Set Queen Size Cream White with Black Branch Bedding Set 88x88 Soft Microfiber Lightweight Coverlet Bedspread Summer 3 Pc Bed Cover for (1 Quilt+ 2 Shams),UQT165-Q,73,0,66,2,139,2,0.76%,0.00%,1.65%,2.41%,1.02%,1.02%,88,0,87,2,175,2,0.70%,0.00%,1.74%,0.99%,0.82%,98.29%,100.00%,4,0,2.88%,0.00%,US$179.96,US$0.00,3,0
B094QRWNTJ,B09VC6NPXP,"100% Cotton 4 Pieces White Space Toddler Bedding Set with Colorful Rocket Stars and Planet Includes Adorable Quilted Comforter, Blue Gray Fitted Sheet, Top Sheet, and Pillow Case for Boys Girls",UCMTBS-12,43,1,10,0,53,1,0.44%,0.88%,0.25%,0.00%,0.39%,0.51%,62,2,13,0,75,2,0.49%,1.40%,0.26%,0.43%,0.82%,100.00%,0.00%,3,0,5.66%,0.00%,US$128.97,US$0.00,3,0
B08DXYYPHT,B07QYV47W2,UOZZI BEDDING 2 Piece Reversible Kids Quilt Set Twin Size 68x86 Soft Microfiber Lightweight Coverlet Bedspread Summer Comforter Set Bed Cover for All Season Colorful Dots (1 Quilt + 1 Shams),UQT38-T,59,0,35,1,94,1,0.61%,0.00%,0.88%,1.20%,0.69%,0.51%,80,0,43,1,123,1,0.63%,0.00%,0.86%,0.70%,0.41%,100.00%,100.00%,3,0,3.19%,0.00%,US$113.97,US$0.00,2,0
B08DXYYPHT,B07T3YPBY1,UOZZI BEDDING 3 Piece Queen Reversible Floral Quilt Set White Red Green Colorful Soft Microfiber Lightweight Summer Coverlet Red Flowers Adult Bedspread for All Season -1 Quilt +2 Pillow Shams,UQT09-Q,123,3,64,2,187,5,1.27%,2.63%,1.60%,2.41%,1.37%,2.54%,180,3,75,3,255,6,1.43%,2.10%,1.50%,1.45%,2.46%,100.00%,100.00%,2,0,1.07%,0.00%,US$85.98,US$0.00,2,0
B08DXYYPHT,B07T62MXMM,UOZZI BEDDING 3 Piece Reversible Dark Gray Queen Size Quilt Set with Triangle Pattern Soft Microfiber Lightweight Adult Summer Coverlet Bedspread Bed Blanket for All Season,UQT20-Q,50,0,33,1,83,1,0.52%,0.00%,0.83%,1.20%,0.61%,0.51%,54,0,36,1,90,1,0.43%,0.00%,0.72%,0.51%,0.41%,98.89%,100.00%,3,0,3.61%,0.00%,US$119.97,US$0.00,2,0
B09QC6HXD3,B07V5VMGXY,"Boys Space Planet Toddler Bedding Set Gray-Green Includes Adorable Quilted Comforter, Fitted Sheet, Top Sheet, and Pillow Case for Boys Bed",UTBS70,30,0,9,0,39,0,0.31%,0.00%,0.23%,0.00%,0.29%,0.00%,40,0,9,0,49,0,0.32%,0.00%,0.18%,0.28%,0.00%,100.00%,0.00%,2,0,5.13%,0.00%,US$59.98,US$0.00,2,0
B08HV2DGDW,B08HLWJNZN,"Gray Faux Fur Comforter Set Full/Queen 3 Pieces - 1 Shaggy Comforter 90x90 and 2 Fur Pillowcases, Ultra Soft and Easy Care Sherpa Luxury Plush Super Warm Winter Shaggy Bedding Set",CMRCBZ01-Q,203,3,84,3,287,6,2.10%,2.63%,2.10%,3.61%,2.10%,3.05%,282,3,110,3,392,6,2.24%,2.10%,2.20%,2.23%,2.46%,100.00%,100.00%,2,0,0.70%,0.00%,US$151.98,US$0.00,2,0
B092LX5PDW,B08P4HDY6H,White Floral Comforter Sheet Set 7 Pieces Bed in a Bag King Size Green Blue Leaves with Red Flowers Reversible Bedding Set (1 Comforter 2 Pillow Shams 1 Flat Sheet 1 Fitted Sheet 2 Pillowcases),UZBIG60-K,109,1,46,1,155,2,1.13%,0.88%,1.15%,1.20%,1.13%,1.02%,117,1,50,1,167,2,0.93%,0.70%,1.00%,0.95%,0.82%,100.00%,100.00%,2,0,1.29%,0.00%,US$139.98,US$0.00,2,0
B092LX5PDW,B08P4J11KL,Gray Comforter Sheet Set Bed in a Bag 6 Pieces Twin Size Tree Branch Bloom Flower Microfiber Spring Bedding Set (1 Comforter 2 Pillow Shams 1 Tan Flat Sheet 1 Fitted Sheet 1 Pillowcases),UZBIG02-T,45,0,29,0,74,0,0.47%,0.00%,0.73%,0.00%,0.54%,0.00%,54,0,38,0,92,0,0.43%,0.00%,0.76%,0.52%,0.00%,95.65%,0.00%,2,0,2.70%,0.00%,US$111.98,US$0.00,2,0
B08HV2DGDW,B08XQ6699Q,"UOZZI BEDDING Pink Faux Fur Comforter Set Queen 3 Pieces - 1 Shaggy Comforter Set 90x90 and 2 Pillowcases, Ultra Soft and Easy Care Luxury Plush Shaggy Duvet Set for Girls Women Princess Style",CMRCBZ02-QN,58,0,25,1,83,1,0.60%,0.00%,0.63%,1.20%,0.61%,0.51%,68,0,29,2,97,2,0.54%,0.00%,0.58%,0.55%,0.82%,98.97%,100.00%,2,0,2.41%,0.00%,US$139.98,US$0.00,2,0
B08XXHWMH7,B08XXG8B1F,UOZZI BEDDING 3 Pieces Reversible Pink Branch Quilt Set Queen Full Size 88x88 Soft Microfiber Lightweight Coverlet Bedspread Summer Comforter Set Bed Cover for All Season (1 Quilt+ 2 Shams),UQT119-Q,46,1,41,0,87,1,0.48%,0.88%,1.03%,0.00%,0.64%,0.51%,63,2,47,0,110,2,0.50%,1.40%,0.94%,0.63%,0.82%,100.00%,100.00%,2,0,2.30%,0.00%,US$79.98,US$0.00,2,0
B08XXHWMH7,B08XXH7ZV9,UOZZI BEDDING 3 Piece Reversible Quilt Set Plaid White & Gray Queen Full Size 88x88 Soft Microfiber Lightweight Coverlet Bedspread Summer Comforter Set Bed Cover for All Season (1 Quilt+ 2 Shams),UQT117-Q,60,0,58,3,118,3,0.62%,0.00%,1.45%,3.61%,0.86%,1.52%,69,0,71,3,140,3,0.55%,0.00%,1.42%,0.80%,1.23%,100.00%,100.00%,2,0,1.69%,0.00%,US$79.98,US$0.00,2,0
B08XXHWMH7,B0915F32HP,UOZZI BEDDING California King Reversible Quilt Set Oversized 102x114 Gray Branch Floral Soft Microfiber Lightweight Coverlet Bedspread Summer Comforter Set Bed Cover for All Season (1 Quilt+ 2 Shams),UQT110-CAK,17,1,13,0,30,1,0.18%,0.88%,0.33%,0.00%,0.22%,0.51%,24,1,13,0,37,1,0.19%,0.70%,0.26%,0.21%,0.41%,100.00%,100.00%,2,0,6.67%,0.00%,US$99.98,US$0.00,2,0
B091Y38CV7,B091YBKHZG,"UOZZI BEDDING 4 Pieces Toddler Bedding Set Ultra Soft and Breathable Toddler Sheet Set - Includes Comforter, Flat Sheet, Fitted Sheet and Pillowcase - Pink & Gray",UTBSC-10,42,0,12,1,54,1,0.43%,0.00%,0.30%,1.20%,0.40%,0.51%,51,0,16,1,67,1,0.40%,0.00%,0.32%,0.38%,0.41%,100.00%,100.00%,2,0,3.70%,0.00%,US$59.98,US$0.00,2,0
B094QRWNTJ,B094QS78RX,"100% Cotton 4 Pieces Pink Flowers Toddler Bedding Set with Purple Orange Pink Flowers Includes Adorable Quilted Floral Comforter, Purple Fitted Sheet, Top Sheet, and Pillow Case for Boys Girls",UCMTBS-05,21,1,2,0,23,1,0.22%,0.88%,0.05%,0.00%,0.17%,0.51%,39,1,2,0,41,1,0.31%,0.70%,0.04%,0.23%,0.41%,100.00%,100.00%,2,0,8.70%,0.00%,US$91.98,US$0.00,2,0
B08K767M5V,B0952KNP5Z,UOZZI BEDDING Bed in a Bag 7 Pieces King Size Gray Branches with Yellow Dots - Soft Microfiber Reversible Bed Comforter Set (1 Comforter Pillow Shams 1 Flat Sheet 1 Fitted Sheet 2 Pillowcases),UZBIG118-K,86,1,35,1,121,2,0.89%,0.88%,0.88%,1.20%,0.89%,1.02%,91,1,47,1,138,2,0.72%,0.70%,0.94%,0.78%,0.82%,100.00%,100.00%,2,0,1.65%,0.00%,US$139.98,US$0.00,2,0
B08XXLJGWZ,B096DQG9N7,"UOZZI BEDDING 7 Piece Quilt Set Bed in a Bag Gray Branch Queen Size Summer Bedspread Coverlet with (1 Reversible Quilt 88x88, 2 Pillow Shams, 1 Flat Sheet, 1 Fitted Sheet, 2 Pillowcases)",UQTBIG111-Q,15,0,10,0,25,0,0.16%,0.00%,0.25%,0.00%,0.18%,0.00%,19,0,18,0,37,0,0.15%,0.00%,0.36%,0.21%,0.00%,100.00%,0.00%,2,0,8.00%,0.00%,US$119.98,US$0.00,2,0
B08D6LSCQ7,B097PNDXNM,UOZZI BEDDING Branch Style Gray King Duvet Cover Set with 2 Pillow Shams- 800 TC Zipper Closure 4 Corner Ties Adult Men Women Style Dots Floral White Tree Style Reversible Design,BTN110-KKK,26,1,6,1,32,2,0.27%,0.88%,0.15%,1.20%,0.23%,1.02%,26,1,7,1,33,2,0.21%,0.70%,0.14%,0.19%,0.82%,100.00%,100.00%,2,0,6.25%,0.00%,US$59.98,US$0.00,2,0
B09QBX987B,B09QC1LX62,UOZZI BEDDING Floral Comforter Sheet Set 7 Pieces Bed in a Bag Grey with White Flower Queen Size (1 Comforter 2 Pillow Shams 1 Flat Sheet 1 Fitted Sheet 2 Pillowcases),UZBIG176-Q,66,1,25,0,91,1,0.68%,0.88%,0.63%,0.00%,0.67%,0.51%,91,1,29,0,120,1,0.72%,0.70%,0.58%,0.68%,0.41%,100.00%,100.00%,2,0,2.20%,0.00%,US$119.98,US$0.00,2,0
B0B92QC3D8,B09V6Z5F22,Leaves Comforter Sheet Set White Bed in a Bag 7 Pieces Queen Size Green Floral Microfiber Reversible Bedding Set (1 Comforter 2 Pillow Shams 1 Flat Sheet 1 Fitted Sheet 2 Pillowcases),UZBIG187-Q,27,2,24,0,51,2,0.28%,1.75%,0.60%,0.00%,0.37%,1.02%,39,2,28,0,67,2,0.31%,1.40%,0.56%,0.38%,0.82%,100.00%,100.00%,2,0,3.92%,0.00%,US$111.98,US$0.00,2,0
B094QRWNTJ,B09VC4QY1L,"100% Cotton 4 Pieces Pink Flowers Toddler Bedding Set with Pink Yellow White Dark Red Flowers Includes Adorable Quilted Floral Comforter, Pink Fitted Sheet, Top Sheet, and Pillow Case for Boys Girls",UCMTBS-08,55,1,7,0,62,1,0.57%,0.88%,0.18%,0.00%,0.45%,0.51%,97,1,7,0,104,1,0.77%,0.70%,0.14%,0.59%,0.41%,100.00%,100.00%,2,0,3.23%,0.00%,US$42.99,US$0.00,2,0
B0B92F2BGQ,B0B92B9938,Shaggy Comforter Set Black Queen Size 3 Pieces Winter Faux Fur Comforter Set with 2 Pillowcases Ultra Soft and Easy Care Luxury Plush Warm Super Fleece Velvet Flannel Bedding Set,CMRSJC03-Q,60,0,14,1,74,1,0.62%,0.00%,0.35%,1.20%,0.54%,0.51%,73,0,21,1,94,1,0.58%,0.00%,0.42%,0.53%,0.41%,98.94%,100.00%,2,0,2.70%,0.00%,US$119.98,US$0.00,2,0
B0BGHGYYSJ,B0BGHSZ36D,Yellow Comforter Sheet Set Floral Bed in a Bag 7 Pieces Queen Size Orange Flowers Microfiber Summer Bedding Set (1 Comforter 2 Pillow Shams 1 Flat Sheet 1 Fitted Sheet 2 Pillowcases),UZBIG204-Q,11,0,7,0,18,0,0.11%,0.00%,0.18%,0.00%,0.13%,0.00%,17,0,14,0,31,0,0.13%,0.00%,0.28%,0.18%,0.00%,100.00%,0.00%,2,0,11.11%,0.00%,US$111.98,US$0.00,2,0
B0BQV6HMN2,B01H1H42R6,3 Pieces Duvet Cover Set Blue Gray with White Triangles - Ultra Soft and Easy Care Design Summer Bedding Duvet Cover King Size 102x90+ 2 Pillow Shams- 800 TC with Zipper Closure 4 Corner Ties,WT07-F,9,0,8,0,17,0,0.09%,0.00%,0.20%,0.00%,0.12%,0.00%,9,0,9,0,18,0,0.07%,0.00%,0.18%,0.10%,0.00%,100.00%,0.00%,1,0,5.88%,0.00%,US$29.99,US$0.00,1,0
B01JL0GK9E,B01H1O83TM,"UOZZI BEDDING 4 Corners Post Turquoise Canopy Bed Curtain for Girls & Adults - Cute Cozy Drape Square Netting for Twin Bed - 4 Opening 45"" W x 80"" L Mosquito Net - Princess Bedroom Decoration",FXA03-T,21,0,11,1,32,1,0.22%,0.00%,0.28%,1.20%,0.23%,0.51%,25,0,11,1,36,1,0.20%,0.00%,0.22%,0.20%,0.41%,100.00%,100.00%,1,0,3.13%,0.00%,US$19.99,US$0.00,1,0
B01JL0GK9E,B01H1O8ANG,"UOZZI BEDDING 4 Corners Post Pink Canopy Bed Curtain for Girls & Adults - Cute Cozy Drape Square Netting for Twin Bed - 4 Opening 58"" W x 80"" L Mosquito Net - Princess Bedroom Decoration",FXA04-Q,41,0,22,1,63,1,0.42%,0.00%,0.55%,1.20%,0.46%,0.51%,60,0,32,2,92,2,0.48%,0.00%,0.64%,0.52%,0.82%,100.00%,100.00%,1,0,1.59%,0.00%,US$24.99,US$0.00,1,0
B0BQV6HMN2,B07BHCN7QH,3 Pieces Duvet Cover Set Gray Dots Cross - Ultra Soft and Easy Care Design Summer Bedding Duvet Cover King Size 102x90+ 2 Pillow Shams- 800 TC with Zipper Closure 4 Corner Ties,NBTN17-K,14,0,10,0,24,0,0.14%,0.00%,0.25%,0.00%,0.18%,0.00%,18,0,10,0,28,0,0.14%,0.00%,0.20%,0.16%,0.00%,100.00%,0.00%,1,0,4.17%,0.00%,US$24.99,US$0.00,1,0
B0BQV6HMN2,B07D595G7C,3 Pieces Duvet Cover Set Black with White Yellow Triangles - Ultra Soft and Easy Care Design Summer Bedding Duvet Cover Queen Size 90x90+ 2 Pillow Shams- 800 TC with Zipper Closure 4 Corner Ties,NBTN20-Q,14,0,8,0,22,0,0.14%,0.00%,0.20%,0.00%,0.16%,0.00%,19,0,9,0,28,0,0.15%,0.00%,0.18%,0.16%,0.00%,100.00%,0.00%,1,0,4.55%,0.00%,US$26.99,US$0.00,1,0
B08D6LSCQ7,B07FXCH4GZ,UOZZI BEDDING 3 Piece Colorful King Duvet Cover Set with Green Yellow Orange Cubes and Triangles 800 - TC 1 Comforter Cover 102x90 with 2 Pillowshams Zipper Closure 4 Corner Ties,BT09-K,45,0,9,1,54,1,0.47%,0.00%,0.23%,1.20%,0.40%,0.51%,53,0,13,1,66,1,0.42%,0.00%,0.26%,0.38%,0.41%,100.00%,100.00%,1,0,1.85%,0.00%,US$29.99,US$0.00,1,0
B08D6LSCQ7,B07JGWLZM2,"3 Piece Duvet Cover Set King (1 All Season Design Summer Duvet Cover + 2 Pillow Shams) with Colorful Dots - 800 TC with Zipper Closure, 4 Corner Ties - Pink Gray Yellow Circles for Adult",BTN38-K,50,1,20,0,70,1,0.52%,0.88%,0.50%,0.00%,0.51%,0.51%,69,1,20,0,89,1,0.55%,0.70%,0.40%,0.51%,0.41%,97.75%,100.00%,1,0,1.43%,0.00%,US$29.99,US$0.00,1,0
B07NW55BDC,B07NW3P1FF,"UOZZI BEDDING All-Season Dark Gray Flannel Fleece Baby Blanket for Girls & Boys - Ultra Soft Plush Thin Kids Toddler Blanket for Crib, Pram Strollers, Sofa, 100% Microfiber Polyester 27""x39""",TZK28-70,22,2,8,0,30,2,0.23%,1.75%,0.20%,0.00%,0.22%,1.02%,30,2,8,0,38,2,0.24%,1.40%,0.16%,0.22%,0.82%,100.00%,100.00%,1,0,3.33%,0.00%,US$9.99,US$0.00,1,0
B08DXYYPHT,B07S7YXXLH,UOZZI BEDDING 3 Piece Reversible Queen Quilt Set Blue Gray Soft Microfiber with White Triangles Lightweight Men Adults 92x90 in Coverlet Bedspread for All Season,UQT07-Q,87,1,58,1,145,2,0.90%,0.88%,1.45%,1.20%,1.06%,1.02%,90,1,66,1,156,2,0.71%,0.70%,1.32%,0.89%,0.82%,100.00%,100.00%,1,0,0.69%,0.00%,US$39.99,US$0.00,1,0
B08DXYYPHT,B07S91ZRXJ,UOZZI BEDDING 3 Piece Reversible King Quilt Set Blue Gray Soft Microfiber with White Triangles Lightweight Men Adult 102x90 in Coverlet Bedspread All Season,UQT07-K,52,2,28,0,80,2,0.54%,1.75%,0.70%,0.00%,0.59%,1.02%,56,2,32,0,88,2,0.44%,1.40%,0.64%,0.50%,0.82%,100.00%,100.00%,1,0,1.25%,0.00%,US$44.99,US$0.00,1,0
B07SQPMYT8,B07STTQYKR,"UOZZI BEDDING Unicorn 4 Piece Toddler Bedding Set with Rainbow Stars Blue-Gray - Includes Adorable Quilted Comforter, Fitted Sheet, Top Sheet, and Pillow Case for Girls Boys Bed",UTBS-Blue,25,0,4,0,29,0,0.26%,0.00%,0.10%,0.00%,0.21%,0.00%,35,0,4,0,39,0,0.28%,0.00%,0.08%,0.22%,0.00%,100.00%,0.00%,1,0,3.45%,0.00%,US$34.99,US$0.00,1,0
B08DXYYPHT,B07T61X8LY,UOZZI BEDDING 3 Piece King Reversible Floral Quilt Set White Red Green Colorful Soft Microfiber Lightweight Summer Coverlet Red Flowers Adult Bedspread for All Season -1 Quilt +2 Pillow Shams,UQT09-K,61,3,31,1,92,4,0.63%,2.63%,0.78%,1.20%,0.67%,2.03%,96,4,40,1,136,5,0.76%,2.80%,0.80%,0.77%,2.05%,100.00%,100.00%,1,0,1.09%,0.00%,US$45.99,US$0.00,1,0
B08DXYYPHT,B07TRKBFTF,UOZZI BEDDING 3 Piece Reversible White Quilt Set Queen Size with Blue Green Leaves and Red Flowers Soft Microfiber Lightweight Floral Adult Summer Coverlet Bedspread for All Season,UQT60-Q,140,1,64,1,204,2,1.45%,0.88%,1.60%,1.20%,1.49%,1.02%,168,1,77,1,245,2,1.33%,0.70%,1.54%,1.39%,0.82%,100.00%,100.00%,1,0,0.49%,0.00%,US$39.99,US$0.00,1,0
B08DXYYPHT,B07TT19PSS,UOZZI BEDDING 3 Piece Reversible White Quilt Set King Size with Blue Green Leaves and Red Flowers Soft Microfiber Lightweight Floral Coverlet Bedspread for All Season,UQT60-K,55,0,29,0,84,0,0.57%,0.00%,0.73%,0.00%,0.61%,0.00%,69,0,35,0,104,0,0.55%,0.00%,0.70%,0.59%,0.00%,100.00%,0.00%,1,0,1.19%,0.00%,US$42.99,US$0.00,1,0
B08DXYYPHT,B07TT2XYC3,White Quilt Set with Green Leaves Botanical Coverlet Bedspread 2 Pieces Twin Size Microfiber Summer Lightweight Style Colorful Colorful Quilt Bedding Set,UQT208-T,23,1,17,1,40,2,0.24%,0.88%,0.43%,1.20%,0.29%,1.02%,25,1,25,1,50,2,0.20%,0.70%,0.50%,0.28%,0.82%,100.00%,100.00%,1,0,2.50%,0.00%,US$34.99,US$0.00,1,0
B08DXYYPHT,B07TT3GX66,UOZZI BEDDING 2 Piece Reversible Pink Unicorn Twin Quilt Set with Rainbow and Stars Cute Style for Girls Kids Teens Soft Microfiber Lightweight Coverlet Bedspread for All Season,UQT25-T,47,2,39,1,86,3,0.49%,1.75%,0.98%,1.20%,0.63%,1.52%,50,2,44,2,94,4,0.40%,1.40%,0.88%,0.53%,1.64%,100.00%,100.00%,1,0,1.16%,0.00%,US$37.99,US$0.00,1,0
B08D3DNTBX,B07TYNNN74,UOZZI BEDDING Colorful Dots Comforter Set Twin Size Pink Yellow Gray Blue Circles Print Reversible Down Alternative 800 TC Kids Girls Teen Duvet Sets 1 Microfiber Comforter with 2 Pillow Shams,UZBZ38-T,49,0,27,1,76,1,0.51%,0.00%,0.68%,1.20%,0.56%,0.51%,78,0,38,1,116,1,0.62%,0.00%,0.76%,0.66%,0.41%,100.00%,100.00%,1,0,1.32%,0.00%,US$38.99,US$0.00,1,0
B09QC6HXD3,B07V3RZHLF,"Boys Toddler Bedding Set Navy with Colorful Cars Includes 1 Boys Comforter, Flat Sheet, Fitted Sheet and Pillowcase",UTBS73,30,0,9,0,39,0,0.31%,0.00%,0.23%,0.00%,0.29%,0.00%,51,0,11,0,62,0,0.40%,0.00%,0.22%,0.35%,0.00%,100.00%,0.00%,1,0,2.56%,0.00%,US$29.99,US$0.00,1,0
B08HV2DGDW,B08HLTH341,"Faux Fur Shaggy Comforter Set Queen 3 Pieces - 1 Cream White Comforter Set with Sherpa and 2 Pillowcases, Ultra Soft and Easy Care Luxury Plush Shaggy Super Soft and Warm Beige Duvet Set",CMRCBZ04-Q,72,0,30,1,102,1,0.74%,0.00%,0.75%,1.20%,0.75%,0.51%,82,0,34,2,116,2,0.65%,0.00%,0.68%,0.66%,0.82%,100.00%,100.00%,1,0,0.98%,0.00%,US$69.99,US$0.00,1,0
B08HV2DGDW,B08HLVZ9CN,"UOZZI BEDDING Faux Fur Shaggy Comforter Set King 3 Pieces - 1 Cream White Comforter Set with Sherpa and 2 Pillowcases, Ultra Soft and Easy Care Luxury Plush Shaggy Super Soft and Warm Beige Duvet Set",CMRCBZ04-K,19,0,6,1,25,1,0.20%,0.00%,0.15%,1.20%,0.18%,0.51%,23,0,12,3,35,3,0.18%,0.00%,0.24%,0.20%,1.23%,97.14%,100.00%,1,0,4.00%,0.00%,US$79.99,US$0.00,1,0
B08HV2DGDW,B08HLWGVW9,"UOZZI BEDDING Pink Faux Fur Comforter Set Twin 3 Pieces - 1 Shaggy Comforter Set 68x86 and 2 Pillowcases, Ultra Soft and Easy Care Luxury Plush Shaggy Duvet Set for Girls Women Princess Style",CMRCBZ02-T,5,0,2,1,7,1,0.05%,0.00%,0.05%,1.20%,0.05%,0.51%,7,0,2,1,9,1,0.06%,0.00%,0.04%,0.05%,0.41%,100.00%,100.00%,1,0,14.29%,0.00%,US$65.99,US$0.00,1,0
B08K767M5V,B08P44L3CJ,UOZZI BEDDING Bed in a Bag 7 Pieces Queen Size Yellow Green Triangles Print - Soft Microfiber Reversible Bed Comforter Set (1 Comforter 2 Pillow Shams 1 Flat Sheet 1 Fitted Sheet 2 Pillowcases),UZBIG19-Q,149,4,59,3,208,7,1.54%,3.51%,1.48%,3.61%,1.52%,3.55%,168,4,63,4,231,8,1.33%,2.80%,1.26%,1.31%,3.28%,100.00%,100.00%,1,0,0.48%,0.00%,US$59.99,US$0.00,1,0
B092LX5PDW,B08P4HW5GQ,White Floral Comforter Sheet Set 7 Pieces Bed in a Bag Queen Size Green Blue Leaves with Red Flowers Reversible Bedding Set (1 Comforter 2 Pillow Shams 1 Flat Sheet 1 Fitted Sheet 2 Pillowcases),UZBIG60-Q,149,1,81,1,230,2,1.54%,0.88%,2.03%,1.20%,1.68%,1.02%,174,1,89,1,263,2,1.38%,0.70%,1.78%,1.49%,0.82%,100.00%,100.00%,1,0,0.43%,0.00%,US$59.99,US$0.00,1,0
B092LX5PDW,B08P4JDZ74,Navy Blue Comforter Sheet Set Bed in a Bag 7 Pieces King Size Tree Branch White Microfiber Reversible Bedding Set (1 Comforter 2 Pillow Shams 1 Tan Flat Sheet 1 Fitted Sheet 2 Pillowcases),UZBIG85-K,100,1,35,0,135,1,1.03%,0.88%,0.88%,0.00%,0.99%,0.51%,112,1,35,0,147,1,0.89%,0.70%,0.70%,0.84%,0.41%,100.00%,100.00%,1,0,0.74%,0.00%,US$69.99,US$0.00,1,0
B092LX5PDW,B08XVR2FF1,Burgundy Red Comforter Sheet Set 7 Pieces Christmas Bed in a Bag Queen Size All Season Tree Branch Soft Microfiber Bedding Set (1 Comforter 2 Pillow Shams 1 Flat Sheet 1 Fitted Sheet 2 Pillowcases),UZBIG01-QN,141,0,86,1,227,1,1.46%,0.00%,2.15%,1.20%,1.66%,0.51%,156,0,93,1,249,1,1.24%,0.00%,1.86%,1.42%,0.41%,98.80%,100.00%,1,0,0.44%,0.00%,US$59.99,US$0.00,1,0
B08XXHWMH7,B0914T9JPT,UOZZI BEDDING 3 Pieces Christmas Quilt Set Red Branch Queen Size 88x88 Soft Microfiber Lightweight Coverlet Bedspread Summer Comforter Set Bed Cover for All Season (1 Quilt+ 2 Shams),UQT111-Q,23,0,34,1,57,1,0.24%,0.00%,0.85%,1.20%,0.42%,0.51%,29,0,34,1,63,1,0.23%,0.00%,0.68%,0.36%,0.41%,100.00%,100.00%,1,0,1.75%,0.00%,US$39.99,US$0.00,1,0
B08K767M5V,B091BSCFSV,Pink Floral Comforter Sheet Set Bed in a Bag 7 Pieces Queen Size Green Flower Microfiber Reversible Bedding Set (1 Comforter 2 Pillow Shams 1 Flat Sheet 1 Fitted Sheet 2 Pillowcases),UZBIG129-Q,55,0,17,2,72,2,0.57%,0.00%,0.43%,2.41%,0.53%,1.02%,62,0,20,2,82,2,0.49%,0.00%,0.40%,0.47%,0.82%,100.00%,100.00%,1,0,1.39%,0.00%,US$58.99,US$0.00,1,0
B091Y38CV7,B091XPL4TL,"UOZZI BEDDING 4 Pieces Toddler Bedding Set Ultra Soft and Breathable Toddler Sheet Set - Includes Comforter, Flat Sheet, Fitted Sheet and Pillowcase - Teal / Green & Gray",UTBSC-07,8,0,2,0,10,0,0.08%,0.00%,0.05%,0.00%,0.07%,0.00%,13,0,5,0,18,0,0.10%,0.00%,0.10%,0.10%,0.00%,100.00%,0.00%,1,0,10.00%,0.00%,US$29.99,US$0.00,1,0
B091XXZ9CL,B091Y6NLRP,"Navy Blue Bed in a Bag 7 Pieces Queen Size All Season Navy White line - Soft Microfiber Reversible Bed Comforter Set (1 Comforter, 2 Pillow Shams, 1 Flat Sheet, 1 Fitted Sheet, 2 Pillowcases)",UZBIG112-Q,37,1,11,1,48,2,0.38%,0.88%,0.28%,1.20%,0.35%,1.02%,48,1,13,1,61,2,0.38%,0.70%,0.26%,0.35%,0.82%,100.00%,100.00%,1,0,2.08%,0.00%,US$59.99,US$0.00,1,0
B091Y38CV7,B091YGD1BD,"UOZZI BEDDING 4 Pieces Toddler Bedding Set Ultra Soft and Breathable Toddler Sheet Set - Includes Comforter, Flat Sheet, Fitted Sheet and Pillowcase - Blue & Gray",UTBSC-06,22,0,4,1,26,1,0.23%,0.00%,0.10%,1.20%,0.19%,0.51%,23,0,4,1,27,1,0.18%,0.00%,0.08%,0.15%,0.41%,100.00%,100.00%,1,0,3.85%,0.00%,US$29.99,US$0.00,1,0
B092VTVKZ7,B092VT1LV3,"UOZZI BEDDING 4 Pieces Toddler Bedding Set Black Space Style with Stars Planets Black Cute Includes Toddler Size Comforter, Flat Sheet, Fitted Sheet and Pillowcase",UTBS-148,69,1,13,0,82,1,0.71%,0.88%,0.33%,0.00%,0.60%,0.51%,73,1,14,0,87,1,0.58%,0.70%,0.28%,0.49%,0.41%,98.85%,100.00%,1,0,1.22%,0.00%,US$34.99,US$0.00,1,0
B09D2ZMVB6,B0974D7Y3N,"UOZZI BEDDING Gray Comforter Sheet Set Bed in a Bag with Dark Gray 7 Pieces Queen Size Reversible Soft (1 Comforter, 2 Pillow Shams, 1 Flat Sheet, 1 Fitted Sheet, 2 Pillowcases)",UZCBIG01-Q,23,0,11,0,34,0,0.24%,0.00%,0.28%,0.00%,0.25%,0.00%,26,0,12,0,38,0,0.21%,0.00%,0.24%,0.22%,0.00%,100.00%,0.00%,1,0,2.94%,0.00%,US$52.99,US$0.00,1,0
B09D2ZMVB6,B0974DKT2Q,"UOZZI BEDDING Green Queen Comforter Set 7 Pieces Bed in a Bag with Spring Comforter Queen Size,Gray Sheets, Pillowcases & Shams Reversible Soft All Season Bed Set",UZCBIG06-Q,14,0,4,0,18,0,0.14%,0.00%,0.10%,0.00%,0.13%,0.00%,15,0,4,0,19,0,0.12%,0.00%,0.08%,0.11%,0.00%,100.00%,0.00%,1,0,5.56%,0.00%,US$55.99,US$0.00,1,0
B09D2ZMVB6,B0974DPG7M,"King Navy Comforter Set Bed in a Bag with Gray Sheet Set Reversible Soft - 1 Comforter, 2 Pillow Shams, 1 Flat Sheet, 1 Fitted Sheet, 2 Pillowcases - 7 Pieces Bedding Set",UZCBIG03-K,13,0,8,0,21,0,0.13%,0.00%,0.20%,0.00%,0.15%,0.00%,15,0,9,0,24,0,0.12%,0.00%,0.18%,0.14%,0.00%,100.00%,0.00%,1,0,4.76%,0.00%,US$29.99,US$0.00,1,0
B08LY9MZ1Y,B0991FW8DV,"UOZZI BEDDING Bed in a Bag 6 Pieces Twin Size - Blue Plaid Bear Style - Soft Microfiber, Reversible Bed Comforter Set (1 Comforter, 2 Pillow Shams, 1 Flat Sheet, 1 Fitted Sheet, 1 Pillowcases)",UZBIG162-T,11,1,1,0,12,1,0.11%,0.88%,0.03%,0.00%,0.09%,0.51%,15,1,1,0,16,1,0.12%,0.70%,0.02%,0.09%,0.41%,100.00%,100.00%,1,0,8.33%,0.00%,US$49.99,US$0.00,1,0
B091XXZ9CL,B099RZSBLX,"Navy Blue Bed in a Bag 6 Pieces Twin Size All Season Navy White line - Soft Microfiber Reversible Bed Comforter Set (1 Comforter, 2 Pillow Shams, 1 Flat Sheet, 1 Fitted Sheet, 1 Pillowcases)",UZBIGN112-T,5,1,0,0,5,1,0.05%,0.88%,0.00%,0.00%,0.04%,0.51%,6,1,0,0,6,1,0.05%,0.70%,0.00%,0.03%,0.41%,100.00%,100.00%,1,0,20.00%,0.00%,US$45.99,US$0.00,1,0
B099DTMYL7,B09B6PXJHH,Shaggy Comforter Set Queen Size 3 Pieces Winter Faux Fur Comforter Set with 2 Pillowcases Ultra Soft and Easy Care Luxury Plush Warm Super Fleece Sherpa Bedding Set White with White with Black,CMRPBZ08-Q,18,0,8,0,26,0,0.19%,0.00%,0.20%,0.00%,0.19%,0.00%,18,0,8,0,26,0,0.14%,0.00%,0.16%,0.15%,0.00%,100.00%,0.00%,1,0,3.85%,0.00%,US$79.99,US$0.00,1,0
B07NW55BDC,B09CT41ZN8,"UOZZI BEDDING All-Season Flannel Fleece Baby Blanket for Girls & Boys - Ultra Soft Plush Thin Kids Toddler Blanket for Crib, Pram Strollers, Sofa, 100% Microfiber Polyester (Gray, 40""x60"")",TZK22-100,10,1,6,0,16,1,0.10%,0.88%,0.15%,0.00%,0.12%,0.51%,11,1,6,0,17,1,0.09%,0.70%,0.12%,0.10%,0.41%,100.00%,100.00%,1,0,6.25%,0.00%,US$16.99,US$0.00,1,0
B09GF9MSV8,B09GF4XPW4,UOZZI BEDDING Fur Bed in a Bag 6 Pieces Faux Fur Comforter Set Queen Size Luxury Warm Winter Shaggy Comforter Set - Black Fluffy Comforter + Flannel Bed Skirt + 4 Pillowcases,CMRBIG01-Q,8,0,4,0,12,0,0.08%,0.00%,0.10%,0.00%,0.09%,0.00%,16,0,4,0,20,0,0.13%,0.00%,0.08%,0.11%,0.00%,100.00%,0.00%,1,0,8.33%,0.00%,US$69.99,US$0.00,1,0
B0B8846DVS,B09NCV62N3,UOZZI BEDDING Black White Duvet Cover Set Queen Size Leaves Floral with 2 Pillow Shams - Leaves Style Reversible Soft and Breathable Design - 4 Ties & Zipper Botanical Duvet Cover…,BTNJ63-Q,1,0,4,0,5,0,0.01%,0.00%,0.10%,0.00%,0.04%,0.00%,1,0,6,0,7,0,0.01%,0.00%,0.12%,0.04%,0.00%,100.00%,0.00%,1,0,20.00%,0.00%,US$24.99,US$0.00,1,0
B092VTVKZ7,B09NQ42W51,"UOZZI BEDDING 4 Pieces White Girls Toddler Bedding Set Green Floral Style - Includes Adorable Quilted Flower Comforter, Green Plaid Fitted Sheet, Top Sheet, and Pillow Case for Girls Bed",UTBS-167,74,0,26,0,100,0,0.77%,0.00%,0.65%,0.00%,0.73%,0.00%,80,0,27,0,107,0,0.63%,0.00%,0.54%,0.61%,0.00%,99.07%,0.00%,1,0,1.00%,0.00%,US$29.99,US$0.00,1,0
B09NY6QLP4,B09NY8H7Y5,UOZZI BEDDING 3 Piece Reversible Quilt Set Queen Size 90x90 Soft Microfiber Lightweight Coverlet Bedspread for All Season Pink Green Leaves Floral Quilt Set (1 Quilt+ 2 Shams),UQT129-Q,35,0,12,1,47,1,0.36%,0.00%,0.30%,1.20%,0.34%,0.51%,46,0,15,1,61,1,0.36%,0.00%,0.30%,0.35%,0.41%,100.00%,100.00%,1,0,2.13%,0.00%,US$25.99,US$0.00,1,0
B0BBLJ457Y,B09QBR1VZN,UOZZI BEDDING Rhombus Comforter Sheet Set 7 Pieces Bed in a Bag White Green Yellow Diamond Queen Size (1 Comforter 2 Pillow Shams 1 Flat Sheet 1 Fitted Sheet 2 Pillowcases),UZBIG184-Q,58,0,20,0,78,0,0.60%,0.00%,0.50%,0.00%,0.57%,0.00%,75,0,23,0,98,0,0.60%,0.00%,0.46%,0.56%,0.00%,100.00%,0.00%,1,0,1.28%,0.00%,US$55.99,US$0.00,1,0
B09QBX987B,B09QBTGF5Z,Floral Comforter Sheet Set 7 Pieces Bed in a Bag King Size White with Green Leaves Pink Flowers Reversible Bedding Set (1 Comforter 2 Pillow Shams 1 Flat Sheet 1 Fitted Sheet 2 Pillowcases),UZBIG178-K,27,0,16,2,43,2,0.28%,0.00%,0.40%,2.41%,0.31%,1.02%,35,0,20,2,55,2,0.28%,0.00%,0.40%,0.31%,0.82%,100.00%,100.00%,1,0,2.33%,0.00%,US$75.99,US$0.00,1,0
B09QBX987B,B09QBY1RMN,Floral Comforter Sheet Set 7 Pieces Bed in a Bag King Size White with Watercolor Navy Blue Flowers Reversible Bedding Set (1 Comforter 2 Pillow Shams 1 Flat Sheet 1 Fitted Sheet 2 Pillowcases),UZBIG180-K,28,0,17,2,45,2,0.29%,0.00%,0.43%,2.41%,0.33%,1.02%,40,0,18,2,58,2,0.32%,0.00%,0.36%,0.33%,0.82%,100.00%,100.00%,1,0,2.22%,0.00%,US$65.99,US$0.00,1,0
B09QBX987B,B09QBZ1X9W,White Floral Comforter Sheet Set 7 Pieces Bed in a Bag King Watercolor Green Blue Leaves with Yellow Flowers Bedding Set(1 Comforter 2 Pillow Shams 1 Flat Sheet 1 Fitted Sheet 2 Pillowcases),UZBIG181-K,28,0,18,2,46,2,0.29%,0.00%,0.45%,2.41%,0.34%,1.02%,38,0,21,3,59,3,0.30%,0.00%,0.42%,0.34%,1.23%,100.00%,100.00%,1,0,2.17%,0.00%,US$65.99,US$0.00,1,0
B0BBLJ457Y,B09QC55J1F,UOZZI BEDDING Plaid Comforter Sheet Set 7 Pieces Bed in a Bag White and Dark Gray Plaid King Size (1 Comforter 2 Pillow Shams 1 Flat Sheet 1 Fitted Sheet 2 Pillowcases),UZBIG173-K,5,0,3,0,8,0,0.05%,0.00%,0.08%,0.00%,0.06%,0.00%,6,0,4,0,10,0,0.05%,0.00%,0.08%,0.06%,0.00%,100.00%,0.00%,1,0,12.50%,0.00%,US$69.99,US$0.00,1,0
B09QBX987B,B09QC6QRWC,White Floral Comforter Sheet Set 6 Pieces Bed in a Bag Twin Watercolor Green Blue Leaves with Yellow Flowers Bedding Set(1 Comforter 2 Pillow Shams 1 Flat Sheet 1 Fitted Sheet 2 Pillowcases),UZBIG181-T,19,0,4,0,23,0,0.20%,0.00%,0.10%,0.00%,0.17%,0.00%,22,0,4,0,26,0,0.17%,0.00%,0.08%,0.15%,0.00%,100.00%,0.00%,1,0,4.35%,0.00%,US$45.99,US$0.00,1,0
B08XXHWMH7,B09TSC1PGR,Quilt Set King Size Cream White with Black Branch Bedding Set 88x88 Soft Microfiber Lightweight Coverlet Bedspread Summer 3 Pc Bed Cover for (1 Quilt+ 2 Shams),UQT165-K,31,1,28,0,59,1,0.32%,0.88%,0.70%,0.00%,0.43%,0.51%,38,1,32,0,70,1,0.30%,0.70%,0.64%,0.40%,0.41%,100.00%,100.00%,1,0,1.69%,0.00%,US$49.99,US$0.00,1,0
B09NY6QLP4,B09TZN1Q4B,UOZZI BEDDING 3 Piece Reversible Grey with Pink Floral Quilt Set Queen Size 90x90 Soft Microfiber Lightweight Coverlet Bedspread for All Season Grey Flower Quilt Set (1 Quilt+ 2 Shams),UQT186-Q,29,0,13,0,42,0,0.30%,0.00%,0.33%,0.00%,0.31%,0.00%,52,0,20,0,72,0,0.41%,0.00%,0.40%,0.41%,0.00%,100.00%,0.00%,1,0,2.38%,0.00%,US$35.99,US$0.00,1,0
B094QRWNTJ,B09VC678PS,"100% Cotton 4 Pieces Cars Toddler Bedding Set with Colorful Cars House Cloud Rainbow Includes Adorable Quilted White Comforter, Blue Fitted Sheet, Top Sheet, and Pillow Case for Boys Girls",UCMTBS-09,44,1,9,0,53,1,0.46%,0.88%,0.23%,0.00%,0.39%,0.51%,53,1,9,0,62,1,0.42%,0.70%,0.18%,0.35%,0.41%,100.00%,0.00%,1,0,1.89%,0.00%,US$44.99,US$0.00,1,0
B09YM4LNS6,B09YM5ZBK2,"4 Pieces White Toddler Bedding Set with Ruffle Fringe, Solid Color Toddler Bed Set - 1 Toddler Comforter + 1 Fitted Sheet +1 Flat Sheet +1 Pillowcase for Baby Boys and Girls",UTBS-CSHB-03,81,1,12,0,93,1,0.84%,0.88%,0.30%,0.00%,0.68%,0.51%,102,1,12,0,114,1,0.81%,0.70%,0.24%,0.65%,0.41%,100.00%,100.00%,1,0,1.08%,0.00%,US$29.99,US$0.00,1,0
B09YM4LNS6,B09YM6KXX2,"4 Pieces Red Toddler Bedding Set with Ruffle Fringe, Solid Color Toddler Bed Set - 1 Toddler Comforter + 1 Fitted Sheet +1 Flat Sheet +1 Pillowcase for Baby Boys and Girls",UTBS-CSHB-07,14,0,1,0,15,0,0.14%,0.00%,0.03%,0.00%,0.11%,0.00%,16,0,1,0,17,0,0.13%,0.00%,0.02%,0.10%,0.00%,100.00%,0.00%,1,0,6.67%,0.00%,US$32.99,US$0.00,1,0
B09YM4LNS6,B09YM6WVLY,"4 Pieces Gray Toddler Bedding Set with Ruffle Fringe, Solid Color Toddler Bed Set - 1 Toddler Comforter + 1 Fitted Sheet +1 Flat Sheet +1 Pillowcase for Baby Boys and Girls",UTBS-CSHB-01,19,0,8,0,27,0,0.20%,0.00%,0.20%,0.00%,0.20%,0.00%,22,0,10,0,32,0,0.17%,0.00%,0.20%,0.18%,0.00%,100.00%,0.00%,1,0,3.70%,0.00%,US$29.99,US$0.00,1,0
B09Z5SC157,B09Z4JGWJ4,Flowers Crib Bedding Set Purple Baby Ruffle Quilted Botanical Comforter with Green Fitted Sheet and Pillow Cover- Cute White Ruffled Shabby Chic Floral Baby Bedding Soft All Season Blanket,URCBT-02,14,3,1,0,15,3,0.14%,2.63%,0.03%,0.00%,0.11%,1.52%,21,3,1,0,22,3,0.17%,2.10%,0.02%,0.13%,1.23%,100.00%,100.00%,1,0,6.67%,0.00%,US$19.99,US$0.00,1,0
B09Z68YK93,B09Z5Z2NXR,Unicorn Crib Bedding Set for Girls Pink Baby Ruffle Princess Crib Comforter with Pink Fitted Sheet and Pillow Cover- Cute White Ruffled Baby Bedding Blanket,URCBT-06,11,0,2,0,13,0,0.11%,0.00%,0.05%,0.00%,0.10%,0.00%,15,0,2,0,17,0,0.12%,0.00%,0.04%,0.10%,0.00%,94.12%,0.00%,1,0,7.69%,0.00%,US$25.99,US$0.00,1,0
B094FDYHPB,B09ZTK8T3V,Floral Bed in a Bag Queen Size White with Orange Flowers 7 Pieces Comforter Set for Kids Girls Soft Reversible Bedding Set (1 Comforter 2 Pillow Shams 1 Green Flat Sheet 1 Fitted Sheet 2 Pillowcases),UZBIG123N-Q,8,0,1,0,9,0,0.08%,0.00%,0.03%,0.00%,0.07%,0.00%,11,0,1,0,12,0,0.09%,0.00%,0.02%,0.07%,0.00%,100.00%,0.00%,1,0,11.11%,0.00%,US$49.99,US$0.00,1,0
B092LX5PDW,B0B7J9XJ9C,Green Comforter Sheet Set Bed in a Bag 6 Pieces Twin Size Tree Branch Bloom Flower Microfiber Reversible Bedding Set (1 Comforter 2 Pillow Shams 1 Flat Sheet 1 White Fitted Sheet 1 Pillowcases),UZBIG196-T,14,0,14,0,28,0,0.14%,0.00%,0.35%,0.00%,0.20%,0.00%,15,0,18,0,33,0,0.12%,0.00%,0.36%,0.19%,0.00%,100.00%,0.00%,2,0,7.14%,0.00%,US$105.98,US$0.00,1,0
B0B92F2BGQ,B0B924S82F,Shaggy Comforter Set Pink Queen Size 3 Pieces Winter Faux Fur Comforter Set with 2 Pillowcases Ultra Soft and Easy Care Luxury Plush Warm Super Fleece Velvet Flannel Bedding Set,CMRSJC02-Q,18,0,2,1,20,1,0.19%,0.00%,0.05%,1.20%,0.15%,0.51%,24,0,2,1,26,1,0.19%,0.00%,0.04%,0.15%,0.41%,100.00%,100.00%,1,0,5.00%,0.00%,US$65.99,US$0.00,1,0
B0B92F2BGQ,B0B92N7M1C,Shaggy Comforter Set Gray King Size 3 Pieces Winter Faux Fur Comforter Set with 2 Pillowcases Ultra Soft and Easy Care Luxury Plush Warm Super Fleece Velvet Flannel Bedding Set,CMRSJC01-K,19,0,5,0,24,0,0.20%,0.00%,0.13%,0.00%,0.18%,0.00%,30,0,11,0,41,0,0.24%,0.00%,0.22%,0.23%,0.00%,100.00%,0.00%,1,0,4.17%,0.00%,US$69.99,US$0.00,1,0
B0B92F2BGQ,B0B92NLW9S,Shaggy Comforter Set Cream Queen Size 3 Pieces Winter Faux Fur Comforter Set with 2 Pillowcases Ultra Soft and Easy Care Luxury Plush Warm Super Fleece Velvet Flannel Bedding Set,CMRSJC04-Q,55,0,13,1,68,1,0.57%,0.00%,0.33%,1.20%,0.50%,0.51%,70,0,20,1,90,1,0.56%,0.00%,0.40%,0.51%,0.41%,100.00%,100.00%,1,0,1.47%,0.00%,US$59.99,US$0.00,1,0
B0BGHGYYSJ,B0BGHFZ59L,White Comforter Sheet Set with Green Leaves Botanical Bed in a Bag 7 Pieces King Size Microfiber Summer Bedding Set (1 Comforter 2 Pillow Shams 1 Flat Sheet 1 Fitted Sheet 2 Pillowcases),UZBIG208-K,7,0,4,0,11,0,0.07%,0.00%,0.10%,0.00%,0.08%,0.00%,11,0,5,0,16,0,0.09%,0.00%,0.10%,0.09%,0.00%,100.00%,0.00%,1,0,9.09%,0.00%,US$69.99,US$0.00,1,0
B0BGHGYYSJ,B0BGHG259Y,Yellow Comforter Sheet Set Floral Bed in a Bag 7 Pieces King Size Orange Flowers Microfiber Summer Bedding Set (1 Comforter 2 Pillow Shams 1 Flat Sheet 1 Fitted Sheet 2 Pillowcases),UZBIG204-K,7,0,2,0,9,0,0.07%,0.00%,0.05%,0.00%,0.07%,0.00%,13,0,10,0,23,0,0.10%,0.00%,0.20%,0.13%,0.00%,100.00%,0.00%,1,0,11.11%,0.00%,US$69.99,US$0.00,1,0
B0BGHLGXLZ,B0BGHH929R,Stripes Bed in a Bag Queen Size 7 Pieces Black Gray Yellow Comforter Sheet Set with Circles All Season Bed Comforter Set (1 Comforter 2 Pillow Shams 1 Flat Sheet 1 Fitted Sheet 2 Pillowcases),UZBIG201-Q,7,0,1,0,8,0,0.07%,0.00%,0.03%,0.00%,0.06%,0.00%,10,0,2,0,12,0,0.08%,0.00%,0.04%,0.07%,0.00%,100.00%,0.00%,1,0,12.50%,0.00%,US$59.99,US$0.00,1,0
B0BGHGYYSJ,B0BGHHCPNB,UOZZI BEDDING Pink Floral Bed in a Bag with Leaves Soft Microfiber Queen Size Bed Summer Flower 7Pieces Comforter Set (1 Comforter 2 Pillow Shams 1 Flat Sheet 1 Fitted Sheet 2 Pillowcases),UZBIG207-Q,16,0,5,0,21,0,0.17%,0.00%,0.13%,0.00%,0.15%,0.00%,19,0,15,0,34,0,0.15%,0.00%,0.30%,0.19%,0.00%,100.00%,0.00%,1,0,4.76%,0.00%,US$63.99,US$0.00,1,0
B09QBX987B,B0BGHNFH2V,UOZZI BEDDING Floral Comforter Sheet Set 7 Pieces Bed in a Bag Dark Grey Golden Flower Queen Size (1 Comforter 2 Pillow Shams 1 Flat Sheet 1 Fitted Sheet 2 Pillowcases),UZBIG210-Q,42,1,19,1,61,2,0.43%,0.88%,0.48%,1.20%,0.45%,1.02%,50,1,21,2,71,3,0.40%,0.70%,0.42%,0.40%,1.23%,100.00%,100.00%,1,0,1.64%,0.00%,US$49.99,US$0.00,1,0
B09QBX987B,B0BGHV48YG,UOZZI BEDDING Floral Comforter Sheet Set 7 Pieces Bed in a Bag Dark Grey Golden Flower King Size (1 Comforter 2 Pillow Shams 1 Flat Sheet 1 Fitted Sheet 2 Pillowcases),UZBIG210-K,50,1,22,2,72,3,0.52%,0.88%,0.55%,2.41%,0.53%,1.52%,61,1,24,2,85,3,0.48%,0.70%,0.48%,0.48%,1.23%,100.00%,100.00%,1,0,1.39%,0.00%,US$59.99,US$0.00,1,0
B0BLCJ2L97,B0BLCCMLW2,"Memory Foam Mattress Topper 4 Inches with Supportive, High-Density Foam - 2 Layer Hybrid Cooling Bed Topper with Knitted Cotton & Bamboo Charcoal Skin Friendly Cover - Full Size",UZMAST01-F,6,0,3,0,9,0,0.06%,0.00%,0.08%,0.00%,0.07%,0.00%,8,0,7,0,15,0,0.06%,0.00%,0.14%,0.09%,0.00%,100.00%,0.00%,1,0,11.11%,0.00%,US$119.99,US$0.00,1,0
B0BNMKB79G,B0BNM8VMW7,UOZZI BEDDING Leaves Floral Quilt Set Twin Size 68x86 2 PC White Black Reversible Soft Microfiber Lightweight Coverlet Bedspread Summer Comforter Set Bed Cover for All Season (1 Quilt+ 1 Shams),UQT198-T,15,0,6,0,21,0,0.16%,0.00%,0.15%,0.00%,0.15%,0.00%,40,0,6,0,46,0,0.32%,0.00%,0.12%,0.26%,0.00%,97.83%,0.00%,1,0,4.76%,0.00%,US$37.99,US$0.00,1,0
B0BNMKB79G,B0BNM9NCVR,UOZZI BEDDING Leaves Botanical Quilt Set Queen Size 90x90 3 PC White Green Blue Leaf Reversible Soft Microfiber Lightweight Coverlet Bedspread Summer Bed Cover for All Season (1 Quilt+ 2Shams),UQT211-Q,33,1,20,0,53,1,0.34%,0.88%,0.50%,0.00%,0.39%,0.51%,34,1,24,0,58,1,0.27%,0.70%,0.48%,0.33%,0.41%,100.00%,100.00%,1,0,1.89%,0.00%,US$42.99,US$0.00,1,0
B0BNMKB79G,B0BNMB1YQT,UOZZI BEDDING Leaves Floral Quilt Set Queen Full Size 90x90 3 PC White Black Reversible Soft Microfiber Lightweight Coverlet Bedspread Summer Comforter Set Bed Cover for All Season (1 Quilt+ 2 Shams),UQT198-Q,44,0,23,0,67,0,0.46%,0.00%,0.58%,0.00%,0.49%,0.00%,57,0,34,0,91,0,0.45%,0.00%,0.68%,0.52%,0.00%,100.00%,0.00%,1,0,1.49%,0.00%,US$42.99,US$0.00,1,0